"date","cnt"
2012-07-01,538
2012-07-02,564
2012-07-03,664
2012-07-04,432
2012-07-05,591
2012-07-06,638
2012-07-07,490
2012-07-08,464
2012-07-09,533
2012-07-10,524
2012-07-11,565
2012-07-12,577
2012-07-13,603
2012-07-14,536
2012-07-15,494
2012-07-16,528
2012-07-17,648
2012-07-18,558
2012-07-19,522
2012-07-20,604
2012-07-21,528
2012-07-22,498
2012-07-23,505
2012-07-24,574
2012-07-25,612
2012-07-26,604
2012-07-27,637
2012-07-28,512
2012-07-29,376
2012-07-30,529
2012-07-31,539
2012-08-01,615
2012-08-02,570
2012-08-03,589
2012-08-04,567
2012-08-05,518
2012-08-06,593
2012-08-07,547
2012-08-08,528
2012-08-09,581
2012-08-10,616
2012-08-11,507
2012-08-12,505
2012-08-13,504
2012-08-14,520
2012-08-15,602
2012-08-16,613
2012-08-17,574
2012-08-18,540
2012-08-19,467
2012-08-20,473
2012-08-21,482
2012-08-22,504
2012-08-23,574
2012-08-24,601
2012-08-25,474
2012-08-26,471
2012-08-27,548
2012-08-28,587
2012-08-29,550
2012-08-30,617
2012-08-31,701
2012-09-01,515
2012-09-02,421
2012-09-03,373
2012-09-04,606
2012-09-05,601
2012-09-06,572
2012-09-07,680
2012-09-08,598
2012-09-09,464
2012-09-10,637
2012-09-11,521
2012-09-12,649
2012-09-13,632
2012-09-14,608
2012-09-15,557
2012-09-16,458
2012-09-17,452
2012-09-18,556
2012-09-19,612
2012-09-20,522
2012-09-21,654
2012-09-22,547
2012-09-23,480
2012-09-24,562
2012-09-25,593
2012-09-26,404
2012-09-27,619
2012-09-28,703
2012-09-29,485
2012-09-30,449
2012-10-01,555
2012-10-02,592
2012-10-03,502
2012-10-04,554
2012-10-05,693
2012-10-06,500
2012-10-07,481
2012-10-08,376
2012-10-09,570
2012-10-10,640
2012-10-11,657
2012-10-12,593
2012-10-13,547
2012-10-14,517
2012-10-15,607
2012-10-16,602
2012-10-17,615
2012-10-18,630
2012-10-19,738
2012-10-20,587
2012-10-21,426
2012-10-22,608
2012-10-23,522
2012-10-24,494
2012-10-25,511
2012-10-26,598
2012-10-27,524
2012-10-28,403
2012-10-29,298
2012-10-30,372
2012-10-31,549
2012-11-01,439
2012-11-02,345
2012-11-03,307
2012-11-04,344
2012-11-05,479
2012-11-06,514
2012-11-07,718
2012-11-08,550
2012-11-09,688
2012-11-10,444
2012-11-11,526
2012-11-12,546
2012-11-13,648
2012-11-14,625
2012-11-15,623
2012-11-16,672
2012-11-17,542
2012-11-18,446
2012-11-19,585
2012-11-20,671
2012-11-21,689
2012-11-22,384
2012-11-23,481
2012-11-24,458
2012-11-25,415
2012-11-26,563
2012-11-27,583
2012-11-28,512
2012-11-29,515
2012-11-30,576
2012-12-01,480
2012-12-02,454
2012-12-03,620
2012-12-04,621
2012-12-05,514
2012-12-06,620
2012-12-07,714
2012-12-08,580
2012-12-09,543
2012-12-10,619
2012-12-11,578
2012-12-12,549
2012-12-13,545
2012-12-14,648
2012-12-15,523
2012-12-16,500
2012-12-17,649
2012-12-18,645
2012-12-19,590
2012-12-20,606
2012-12-21,751
2012-12-22,542
2012-12-23,407
2012-12-24,518
2012-12-25,354
2012-12-26,531
2012-12-27,525
2012-12-28,557
2012-12-29,442
2012-12-30,411
2012-12-31,482
2013-01-01,381
2013-01-02,480
2013-01-03,549
2013-01-04,505
2013-01-05,389
2013-01-06,393
2013-01-07,521
2013-01-08,513
2013-01-09,487
2013-01-10,555
2013-01-11,660
2013-01-12,475
2013-01-13,373
2013-01-14,542
2013-01-15,516
2013-01-16,578
2013-01-17,491
2013-01-18,561
2013-01-19,484
2013-01-20,393
2013-01-21,355
2013-01-22,544
2013-01-23,545
2013-01-24,554
2013-01-25,674
2013-01-26,558
2013-01-27,429
2013-01-28,507
2013-01-29,542
2013-01-30,497
2013-01-31,592
2013-02-01,574
2013-02-02,534
2013-02-03,445
2013-02-04,553
2013-02-05,566
2013-02-06,566
2013-02-07,526
2013-02-08,702
2013-02-09,403
2013-02-10,400
2013-02-11,475
2013-02-12,497
2013-02-13,568
2013-02-14,631
2013-02-15,604
2013-02-16,449
2013-02-17,447
2013-02-18,398
2013-02-19,477
2013-02-20,510
2013-02-21,498
2013-02-22,531
2013-02-23,521
2013-02-24,426
2013-02-25,490
2013-02-26,537
2013-02-27,550
2013-02-28,517
2013-03-01,603
2013-03-02,474
2013-03-03,502
2013-03-04,597
2013-03-05,527
2013-03-06,475
2013-03-07,535
2013-03-08,851
2013-03-09,569
2013-03-10,415
2013-03-11,521
2013-03-12,547
2013-03-13,636
2013-03-14,557
2013-03-15,607
2013-03-16,521
2013-03-17,426
2013-03-18,623
2013-03-19,559
2013-03-20,540
2013-03-21,507
2013-03-22,604
2013-03-23,488
2013-03-24,451
2013-03-25,498
2013-03-26,425
2013-03-27,441
2013-03-28,549
2013-03-29,520
2013-03-30,513
2013-03-31,426
2013-04-01,479
2013-04-02,437
2013-04-03,532
2013-04-04,566
2013-04-05,581
2013-04-06,531
2013-04-07,451
2013-04-08,582
2013-04-09,613
2013-04-10,580
2013-04-11,517
2013-04-12,649
2013-04-13,555
2013-04-14,472
2013-04-15,603
2013-04-16,564
2013-04-17,535
2013-04-18,553
2013-04-19,570
2013-04-20,532
2013-04-21,471
2013-04-22,565
2013-04-23,513
2013-04-24,598
2013-04-25,583
2013-04-26,675
2013-04-27,517
2013-04-28,440
2013-04-29,597
2013-04-30,576
2013-05-01,576
2013-05-02,585
2013-05-03,686
2013-05-04,580
2013-05-05,515
2013-05-06,561
2013-05-07,592
2013-05-08,620
2013-05-09,602
2013-05-10,698
2013-05-11,523
2013-05-12,527
2013-05-13,576
2013-05-14,565
2013-05-15,532
2013-05-16,559
2013-05-17,741
2013-05-18,505
2013-05-19,544
2013-05-20,657
2013-05-21,697
2013-05-22,570
2013-05-23,735
2013-05-24,668
2013-05-25,514
2013-05-26,455
2013-05-27,420
2013-05-28,686
2013-05-29,574
2013-05-30,685
2013-05-31,736
2013-06-01,631
2013-06-02,487
2013-06-03,706
2013-06-04,613
2013-06-05,599
2013-06-06,605
2013-06-07,791
2013-06-08,571
2013-06-09,533
2013-06-10,624
2013-06-11,635
2013-06-12,615
2013-06-13,533
2013-06-14,693
2013-06-15,596
2013-06-16,477
2013-06-17,614
2013-06-18,613
2013-06-19,622
2013-06-20,681
2013-06-21,690
2013-06-22,599
2013-06-23,504
2013-06-24,680
2013-06-25,648
2013-06-26,620
2013-06-27,598
2013-06-28,608
2013-06-29,591
2013-06-30,423
2013-07-01,633
2013-07-02,601
2013-07-03,635
2013-07-04,437
2013-07-05,575
2013-07-06,515
2013-07-07,475
2013-07-08,616
2013-07-09,583
2013-07-10,614
2013-07-11,550
2013-07-12,599
2013-07-13,574
2013-07-14,471
2013-07-15,581
2013-07-16,582
2013-07-17,609
2013-07-18,636
2013-07-19,697
2013-07-20,551
2013-07-21,447
2013-07-22,591
2013-07-23,571
2013-07-24,571
2013-07-25,506
2013-07-26,617
2013-07-27,516
2013-07-28,485
2013-07-29,596
2013-07-30,584
2013-07-31,553
2013-08-01,643
2013-08-02,626
2013-08-03,492
2013-08-04,452
2013-08-05,544
2013-08-06,542
2013-08-07,508
2013-08-08,549
2013-08-09,579
2013-08-10,495
2013-08-11,481
2013-08-12,519
2013-08-13,552
2013-08-14,622
2013-08-15,599
2013-08-16,678
2013-08-17,504
2013-08-18,442
2013-08-19,460
2013-08-20,542
2013-08-21,562
2013-08-22,577
2013-08-23,636
2013-08-24,527
2013-08-25,459
2013-08-26,521
2013-08-27,506
2013-08-28,482
2013-08-29,572
2013-08-30,599
2013-08-31,480
2013-09-01,480
2013-09-02,431
2013-09-03,550
2013-09-04,604
2013-09-05,493
2013-09-06,524
2013-09-07,585
2013-09-08,500
2013-09-09,632
2013-09-10,629
2013-09-11,575
2013-09-12,695
2013-09-13,651
2013-09-14,519
2013-09-15,476
2013-09-16,570
2013-09-17,626
2013-09-18,571
2013-09-19,536
2013-09-20,631
2013-09-21,546
2013-09-22,585
2013-09-23,661
2013-09-24,615
2013-09-25,539
2013-09-26,516
2013-09-27,553
2013-09-28,547
2013-09-29,505
2013-09-30,605
2013-10-01,616
2013-10-02,647
2013-10-03,588
2013-10-04,658
2013-10-05,497
2013-10-06,403
2013-10-07,618
2013-10-08,574
2013-10-09,529
2013-10-10,559
2013-10-11,621
2013-10-12,556
2013-10-13,501
2013-10-14,440
2013-10-15,615
2013-10-16,548
2013-10-17,574
2013-10-18,680
2013-10-19,471
2013-10-20,490
2013-10-21,616
2013-10-22,540
2013-10-23,558
2013-10-24,632
2013-10-25,647
2013-10-26,626
2013-10-27,512
2013-10-28,620
2013-10-29,599
2013-10-30,558
2013-10-31,615
2013-11-01,710
2013-11-02,551
2013-11-03,415
2013-11-04,658
2013-11-05,510
2013-11-06,635
2013-11-07,646
2013-11-08,682
2013-11-09,571
2013-11-10,474
2013-11-11,456
2013-11-12,647
2013-11-13,592
2013-11-14,620
2013-11-15,617
2013-11-16,612
2013-11-17,532
2013-11-18,611
2013-11-19,600
2013-11-20,607
2013-11-21,628
2013-11-22,702
2013-11-23,535
2013-11-24,494
2013-11-25,710
2013-11-26,867
2013-11-27,742
2013-11-28,429
2013-11-29,436
2013-11-30,479
2013-12-01,420
2013-12-02,549
2013-12-03,553
2013-12-04,520
2013-12-05,573
2013-12-06,759
2013-12-07,567
2013-12-08,456
2013-12-09,639
2013-12-10,539
2013-12-11,605
2013-12-12,648
2013-12-13,695
2013-12-14,690
2013-12-15,450
2013-12-16,640
2013-12-17,703
2013-12-18,701
2013-12-19,606
2013-12-20,673
2013-12-21,594
2013-12-22,505
2013-12-23,707
2013-12-24,515
2013-12-25,257
2013-12-26,427
2013-12-27,476
2013-12-28,475
2013-12-29,394
2013-12-30,476
2013-12-31,464
2014-01-01,399
2014-01-02,603
2014-01-03,423
2014-01-04,418
2014-01-05,320
2014-01-06,517
2014-01-07,491
2014-01-08,616
2014-01-09,561
2014-01-10,667
2014-01-11,465
2014-01-12,388
2014-01-13,567
2014-01-14,558
2014-01-15,583
2014-01-16,521
2014-01-17,589
2014-01-18,448
2014-01-19,380
2014-01-20,360
2014-01-21,1161
2014-01-22,498
2014-01-23,611
2014-01-24,704
2014-01-25,475
2014-01-26,465
2014-01-27,511
2014-01-28,504
2014-01-29,649
2014-01-30,657
2014-01-31,560
2014-02-01,507
2014-02-02,417
2014-02-03,960
2014-02-04,612
2014-02-05,468
2014-02-06,569
2014-02-07,674
2014-02-08,424
2014-02-09,450
2014-02-10,677
2014-02-11,636
2014-02-12,640
2014-02-13,447
2014-02-14,791
2014-02-15,516
2014-02-16,464
2014-02-17,491
2014-02-18,518
2014-02-19,552
2014-02-20,556
2014-02-21,545
2014-02-22,587
2014-02-23,412
2014-02-24,568
2014-02-25,512
2014-02-26,511
2014-02-27,570
2014-02-28,655
2014-03-01,497
2014-03-02,344
2014-03-03,439
2014-03-04,530
2014-03-05,490
2014-03-06,558
2014-03-07,533
2014-03-08,515
2014-03-09,404
2014-03-10,513
2014-03-11,509
2014-03-12,515
2014-03-13,545
2014-03-14,584
2014-03-15,519
2014-03-16,412
2014-03-17,519
2014-03-18,551
2014-03-19,525
2014-03-20,627
2014-03-21,589
2014-03-22,493
2014-03-23,426
2014-03-24,545
2014-03-25,474
2014-03-26,563
2014-03-27,538
2014-03-28,530
2014-03-29,569
2014-03-30,437
2014-03-31,558
2014-04-01,549
2014-04-02,518
2014-04-03,592
2014-04-04,622
2014-04-05,579
2014-04-06,484
2014-04-07,532
2014-04-08,606
2014-04-09,595
2014-04-10,644
2014-04-11,607
2014-04-12,578
2014-04-13,482
2014-04-14,510
2014-04-15,451
2014-04-16,570
2014-04-17,508
2014-04-18,496
2014-04-19,525
2014-04-20,393
2014-04-21,520
2014-04-22,459
2014-04-23,536
2014-04-24,586
2014-04-25,617
2014-04-26,547
2014-04-27,449
2014-04-28,597
2014-04-29,555
2014-04-30,651
2014-05-01,650
2014-05-02,698
2014-05-03,590
2014-05-04,451
2014-05-05,618
2014-05-06,565
2014-05-07,603
2014-05-08,596
2014-05-09,584
2014-05-10,549
2014-05-11,584
2014-05-12,581
2014-05-13,560
2014-05-14,636
2014-05-15,659
2014-05-16,700
2014-05-17,618
2014-05-18,507
2014-05-19,572
2014-05-20,650
2014-05-21,575
2014-05-22,593
2014-05-23,660
2014-05-24,486
2014-05-25,472
2014-05-26,433
2014-05-27,645
2014-05-28,538
2014-05-29,662
2014-05-30,650
2014-05-31,587
2014-06-01,603
2014-06-02,643
2014-06-03,663
2014-06-04,582
2014-06-05,569
2014-06-06,743
2014-06-07,622
2014-06-08,516
2014-06-09,528
2014-06-10,569
2014-06-11,576
2014-06-12,561
2014-06-13,708
2014-06-14,611
2014-06-15,475
2014-06-16,622
2014-06-17,666
2014-06-18,663
2014-06-19,674
2014-06-20,765
2014-06-21,557
2014-06-22,477
2014-06-23,643
2014-06-24,632
2014-06-25,645
2014-06-26,670
2014-06-27,660
2014-06-28,610
2014-06-29,537
2014-06-30,609
2014-07-01,616
2014-07-02,658
2014-07-03,740
2014-07-04,360
2014-07-05,505
2014-07-06,450
2014-07-07,613
2014-07-08,593
2014-07-09,569
2014-07-10,584
2014-07-11,641
2014-07-12,550
2014-07-13,439
2014-07-14,561
2014-07-15,587
2014-07-16,551
2014-07-17,587
2014-07-18,624
2014-07-19,480
2014-07-20,451
2014-07-21,557
2014-07-22,587
2014-07-23,591
2014-07-24,539
2014-07-25,652
2014-07-26,534
2014-07-27,475
2014-07-28,595
2014-07-29,526
2014-07-30,605
2014-07-31,626
2014-08-01,667
2014-08-02,540
2014-08-03,476
2014-08-04,588
2014-08-05,606
2014-08-06,562
2014-08-07,585
2014-08-08,601
2014-08-09,538
2014-08-10,512
2014-08-11,604
2014-08-12,491
2014-08-13,571
2014-08-14,624
2014-08-15,522
2014-08-16,490
2014-08-17,476
2014-08-18,595
2014-08-19,516
2014-08-20,551
2014-08-21,567
2014-08-22,568
2014-08-23,454
2014-08-24,437
2014-08-25,549
2014-08-26,608
2014-08-27,538
2014-08-28,618
2014-08-29,630
2014-08-30,510
2014-08-31,495
2014-09-01,392
2014-09-02,700
2014-09-03,580
2014-09-04,727
2014-09-05,647
2014-09-06,553
2014-09-07,477
2014-09-08,597
2014-09-09,591
2014-09-10,618
2014-09-11,619
2014-09-12,729
2014-09-13,558
2014-09-14,526
2014-09-15,609
2014-09-16,613
2014-09-17,658
2014-09-18,649
2014-09-19,647
2014-09-20,594
2014-09-21,515
2014-09-22,661
2014-09-23,592
2014-09-24,565
2014-09-25,490
2014-09-26,643
2014-09-27,600
2014-09-28,512
2014-09-29,565
2014-09-30,589
2014-10-01,559
2014-10-02,558
2014-10-03,719
2014-10-04,531
2014-10-05,505
2014-10-06,639
2014-10-07,620
2014-10-08,639
2014-10-09,499
2014-10-10,541
2014-10-11,546
2014-10-12,473
2014-10-13,451
2014-10-14,695
2014-10-15,575
2014-10-16,602
2014-10-17,648
2014-10-18,493
2014-10-19,483
2014-10-20,591
2014-10-21,607
2014-10-22,708
2014-10-23,639
2014-10-24,669
2014-10-25,515
2014-10-26,515
2014-10-27,642
2014-10-28,571
2014-10-29,554
2014-10-30,626
2014-10-31,668
2014-11-01,656
2014-11-02,532
2014-11-03,625
2014-11-04,538
2014-11-05,554
2014-11-06,652
2014-11-07,641
2014-11-08,543
2014-11-09,419
2014-11-10,560
2014-11-11,493
2014-11-12,546
2014-11-13,696
2014-11-14,651
2014-11-15,529
2014-11-16,429
2014-11-17,666
2014-11-18,711
2014-11-19,633
2014-11-20,634
2014-11-21,676
2014-11-22,511
2014-11-23,425
2014-11-24,722
2014-11-25,599
2014-11-26,742
2014-11-27,378
2014-11-28,444
2014-11-29,394
2014-11-30,377
2014-12-01,644
2014-12-02,611
2014-12-03,569
2014-12-04,606
2014-12-05,671
2014-12-06,628
2014-12-07,493
2014-12-08,578
2014-12-09,645
2014-12-10,649
2014-12-11,668
2014-12-12,687
2014-12-13,594
2014-12-14,436
2014-12-15,720
2014-12-16,645
2014-12-17,554
2014-12-18,620
2014-12-19,652
2014-12-20,505
2014-12-21,409
2014-12-22,566
2014-12-23,732
2014-12-24,519
2014-12-25,303
2014-12-26,446
2014-12-27,405
2014-12-28,349
2014-12-29,411
2014-12-30,468
2014-12-31,460
2015-01-01,395
2015-01-02,442
2015-01-03,456
2015-01-04,380
2015-01-05,498
2015-01-06,776
2015-01-07,538
2015-01-08,573
2015-01-09,751
2015-01-10,481
2015-01-11,341
2015-01-12,580
2015-01-13,613
2015-01-14,506
2015-01-15,546
2015-01-16,563
2015-01-17,495
2015-01-18,960
2015-01-19,496
2015-01-20,499
2015-01-21,495
2015-01-22,508
2015-01-23,597
2015-01-24,428
2015-01-25,406
2015-01-26,484
2015-01-27,188
2015-01-28,458
2015-01-29,519
2015-01-30,622
2015-01-31,526
2015-02-01,361
2015-02-02,680
2015-02-03,740
2015-02-04,585
2015-02-05,569
2015-02-06,652
2015-02-07,449
2015-02-08,394
2015-02-09,547
2015-02-10,571
2015-02-11,610
2015-02-12,526
2015-02-13,757
2015-02-14,436
2015-02-15,453
2015-02-16,402
2015-02-17,620
2015-02-18,626
2015-02-19,515
2015-02-20,621
2015-02-21,517
2015-02-22,519
2015-02-23,574
2015-02-24,580
2015-02-25,628
2015-02-26,539
2015-02-27,703
2015-02-28,538
2015-03-01,693
2015-03-02,650
2015-03-03,631
2015-03-04,573
2015-03-05,829
2015-03-06,936
2015-03-07,578
2015-03-08,464
2015-03-09,661
2015-03-10,584
2015-03-11,565
2015-03-12,586
2015-03-13,608
2015-03-14,507
2015-03-15,456
2015-03-16,529
2015-03-17,528
2015-03-18,547
2015-03-19,580
2015-03-20,570
2015-03-21,506
2015-03-22,432
2015-03-23,586
2015-03-24,601
2015-03-25,537
2015-03-26,525
2015-03-27,530
2015-03-28,459
2015-03-29,505
2015-03-30,556
2015-03-31,627
2015-04-01,648
2015-04-02,653
2015-04-03,491
2015-04-04,507
2015-04-05,421
2015-04-06,509
2015-04-07,452
2015-04-08,457
2015-04-09,451
2015-04-10,486
2015-04-11,576
2015-04-12,443
2015-04-13,554
2015-04-14,540
2015-04-15,592
2015-04-16,560
2015-04-17,679
2015-04-18,604
2015-04-19,471
2015-04-20,630
2015-04-21,645
2015-04-22,568
2015-04-23,612
2015-04-24,675
2015-04-25,590
2015-04-26,477
2015-04-27,558
2015-04-28,613
2015-04-29,679
2015-04-30,640
2015-05-01,642
2015-05-02,540
2015-05-03,555
2015-05-04,640
2015-05-05,637
2015-05-06,568
2015-05-07,684
2015-05-08,709
2015-05-09,560
2015-05-10,549
2015-05-11,645
2015-05-12,683
2015-05-13,654
2015-05-14,654
2015-05-15,722
2015-05-16,649
2015-05-17,543
2015-05-18,566
2015-05-19,605
2015-05-20,664
2015-05-21,615
2015-05-22,727
2015-05-23,545
2015-05-24,432
2015-05-25,420
2015-05-26,686
2015-05-27,694
2015-05-28,682
2015-05-29,812
2015-05-30,620
2015-05-31,555
2015-06-01,691
2015-06-02,642
2015-06-03,658
2015-06-04,551
2015-06-05,691
2015-06-06,598
2015-06-07,557
2015-06-08,633
2015-06-09,651
2015-06-10,666
2015-06-11,666
2015-06-12,450
2015-06-13,394
2015-06-14,576
2015-06-15,504
2015-06-16,593
2015-06-17,706
2015-06-18,615
2015-06-19,731
2015-06-20,504
2015-06-21,620
2015-06-22,772
2015-06-23,702
2015-06-24,774
2015-06-25,670
2015-06-26,773
2015-06-27,593
2015-06-28,535
2015-06-29,662
2015-06-30,620
2015-07-01,683
2015-07-02,603
2015-07-03,549
2015-07-04,389
2015-07-05,467
2015-07-06,598
2015-07-07,644
2015-07-08,620
2015-07-09,567
2015-07-10,709
2015-07-11,596
2015-07-12,521
2015-07-13,665
2015-07-14,656
2015-07-15,607
2015-07-16,685
2015-07-17,659
2015-07-18,561
2015-07-19,545
2015-07-20,727
2015-07-21,605
2015-07-22,617
2015-07-23,621
2015-07-24,490
2015-07-25,451
2015-07-26,550
2015-07-27,626
2015-07-28,642
2015-07-29,629
2015-07-30,717
2015-07-31,753
2015-08-01,668
2015-08-02,549
2015-08-03,705
2015-08-04,666
2015-08-05,618
2015-08-06,629
2015-08-07,726
2015-08-08,545
2015-08-09,489
2015-08-10,611
2015-08-11,601
2015-08-12,643
2015-08-13,714
2015-08-14,728
2015-08-15,579
2015-08-16,552
2015-08-17,592
2015-08-18,623
2015-08-19,594
2015-08-20,600
2015-08-21,753
2015-08-22,581
2015-08-23,491
2015-08-24,575
2015-08-25,594
2015-08-26,606
2015-08-27,613
2015-08-28,609
2015-08-29,539
2015-08-30,563
2015-08-31,614
2015-09-01,626
2015-09-02,652
2015-09-03,665
2015-09-04,643
2015-09-05,540
2015-09-06,503
2015-09-07,485
2015-09-08,795
2015-09-09,740
2015-09-10,715
2015-09-11,765
2015-09-12,554
2015-09-13,478
2015-09-14,577
2015-09-15,578
2015-09-16,747
2015-09-17,744
2015-09-18,760
2015-09-19,654
2015-09-20,555
2015-09-21,624
2015-09-22,571
2015-09-23,501
2015-09-24,619
2015-09-25,585
2015-09-26,557
2015-09-27,493
2015-09-28,586
2015-09-29,557
2015-09-30,634
2015-10-01,683
2015-10-02,797
2015-10-03,556
2015-10-04,535
2015-10-05,596
2015-10-06,629
2015-10-07,668
2015-10-08,666
2015-10-09,764
2015-10-10,649
2015-10-11,559
2015-10-12,505
2015-10-13,724
2015-10-14,658
2015-10-15,681
2015-10-16,676
2015-10-17,565
2015-10-18,551
2015-10-19,667
2015-10-20,712
2015-10-21,720
2015-10-22,666
2015-10-23,742
2015-10-24,519
2015-10-25,522
2015-10-26,698
2015-10-27,631
2015-10-28,688
2015-10-29,766
2015-10-30,688
2015-10-31,357
2015-11-01,312
2015-11-02,612
2015-11-03,655
2015-11-04,672
2015-11-05,689
2015-11-06,616
2015-11-07,499
2015-11-08,472
2015-11-09,615
2015-11-10,756
2015-11-11,529
2015-11-12,637
2015-11-13,677
2015-11-14,613
2015-11-15,498
2015-11-16,618
2015-11-17,684
2015-11-18,628
2015-11-19,797
2015-11-20,819
2015-11-21,597
2015-11-22,431
2015-11-23,703
2015-11-24,733
2015-11-25,717
2015-11-26,383
2015-11-27,480
2015-11-28,508
2015-11-29,453
2015-11-30,611
2015-12-01,746
2015-12-02,654
2015-12-03,623
2015-12-04,679
2015-12-05,629
2015-12-06,485
2015-12-07,667
2015-12-08,616
2015-12-09,574
2015-12-10,668
2015-12-11,694
2015-12-12,578
2015-12-13,547
2015-12-14,637
2015-12-15,751
2015-12-16,673
2015-12-17,745
2015-12-18,767
2015-12-19,624
2015-12-20,499
2015-12-21,611
2015-12-22,699
2015-12-23,805
2015-12-24,603
2015-12-25,321
2015-12-26,394
2015-12-27,518
2015-12-28,489
2015-12-29,532
2015-12-30,500
2015-12-31,527
2016-01-01,394
2016-01-02,423
2016-01-03,433
2016-01-04,601
2016-01-05,640
2016-01-06,624
2016-01-07,541
2016-01-08,603
2016-01-09,553
2016-01-10,462
2016-01-11,680
2016-01-12,637
2016-01-13,605
2016-01-14,597
2016-01-15,722
2016-01-16,563
2016-01-17,451
2016-01-18,481
2016-01-19,662
2016-01-20,623
2016-01-21,666
2016-01-22,701
2016-01-23,402
2016-01-24,517
2016-01-25,660
2016-01-26,734
2016-01-27,670
2016-01-28,681
2016-01-29,645
2016-01-30,597
2016-01-31,532
2016-02-01,716
2016-02-02,711
2016-02-03,579
2016-02-04,609
2016-02-05,607
2016-02-06,553
2016-02-07,423
2016-02-08,501
2016-02-09,571
2016-02-10,537
2016-02-11,622
2016-02-12,628
2016-02-13,480
2016-02-14,309
2016-02-15,289
2016-02-16,613
2016-02-17,526
2016-02-18,592
2016-02-19,532
2016-02-20,555
2016-02-21,482
2016-02-22,615
2016-02-23,622
2016-02-24,660
2016-02-25,663
2016-02-26,475
2016-02-27,388
2016-02-28,509
2016-02-29,616
2016-03-01,661
2016-03-02,653
2016-03-03,625
2016-03-04,682
2016-03-05,601
2016-03-06,500
2016-03-07,571
2016-03-08,632
2016-03-09,659
2016-03-10,629
2016-03-11,671
2016-03-12,622
2016-03-13,431
2016-03-14,626
2016-03-15,596
2016-03-16,604
2016-03-17,591
2016-03-18,631
2016-03-19,519
2016-03-20,462
2016-03-21,606
2016-03-22,603
2016-03-23,603
2016-03-24,614
2016-03-25,540
2016-03-26,522
2016-03-27,448
2016-03-28,651
2016-03-29,666
2016-03-30,642
2016-03-31,641
2016-04-01,698
2016-04-02,588
2016-04-03,575
2016-04-04,675
2016-04-05,666
2016-04-06,613
2016-04-07,625
2016-04-08,676
2016-04-09,554
2016-04-10,492
2016-04-11,617
2016-04-12,632
2016-04-13,683
2016-04-14,668
2016-04-15,722
2016-04-16,664
2016-04-17,557
2016-04-18,679
2016-04-19,724
2016-04-20,686
2016-04-21,688
2016-04-22,738
2016-04-23,638
2016-04-24,433
2016-04-25,479
2016-04-26,477
2016-04-27,507
2016-04-28,488
2016-04-29,512
2016-04-30,577
2016-05-01,482
2016-05-02,586
2016-05-03,711
2016-05-04,649
2016-05-05,623
2016-05-06,725
2016-05-07,569
2016-05-08,589
2016-05-09,641
2016-05-10,605
2016-05-11,692
2016-05-12,738
2016-05-13,765
2016-05-14,585
2016-05-15,508
2016-05-16,736
2016-05-17,617
2016-05-18,674
2016-05-19,688
2016-05-20,778
2016-05-21,559
2016-05-22,565
2016-05-23,647
2016-05-24,693
2016-05-25,726
2016-05-26,737
2016-05-27,758
2016-05-28,621
2016-05-29,561
2016-05-30,467
2016-05-31,757
2016-06-01,762
2016-06-02,676
2016-06-03,698
2016-06-04,624
2016-06-05,461
2016-06-06,740
2016-06-07,690
2016-06-08,717
2016-06-09,633
2016-06-10,678
2016-06-11,396
2016-06-12,491
2016-06-13,526
2016-06-14,343
2016-06-15,637
2016-06-16,683
2016-06-17,746
2016-06-18,697
2016-06-19,556
2016-06-20,736
2016-06-21,673
2016-06-22,743
2016-06-23,640
2016-06-24,807
2016-06-25,680
2016-06-26,578
2016-06-27,710
2016-06-28,671
2016-06-29,685
2016-06-30,757
2016-07-01,749
2016-07-02,565
2016-07-03,443
2016-07-04,485
2016-07-05,660
2016-07-06,675
2016-07-07,599
2016-07-08,609
2016-07-09,496
2016-07-10,500
2016-07-11,618
2016-07-12,659
2016-07-13,600
2016-07-14,739
2016-07-15,794
2016-07-16,620
2016-07-17,569
2016-07-18,720
2016-07-19,694
2016-07-20,691
2016-07-21,728
2016-07-22,765
2016-07-23,647
2016-07-24,564
2016-07-25,697
2016-07-26,685
2016-07-27,687
2016-07-28,708
2016-07-29,773
2016-07-30,599
2016-07-31,529
2016-08-01,569
2016-08-02,600
2016-08-03,688
2016-08-04,714
2016-08-05,699
2016-08-06,578
2016-08-07,533
2016-08-08,631
2016-08-09,649
2016-08-10,617
2016-08-11,672
2016-08-12,728
2016-08-13,614
2016-08-14,521
2016-08-15,643
2016-08-16,639
2016-08-17,658
2016-08-18,635
2016-08-19,707
2016-08-20,580
2016-08-21,512
2016-08-22,667
2016-08-23,637
2016-08-24,635
2016-08-25,659
2016-08-26,755
2016-08-27,624
2016-08-28,557
2016-08-29,674
2016-08-30,622
2016-08-31,661
2016-09-01,674
2016-09-02,697
2016-09-03,498
2016-09-04,465
2016-09-05,419
2016-09-06,626
2016-09-07,647
2016-09-08,716
2016-09-09,716
2016-09-10,599
2016-09-11,538
2016-09-12,648
2016-09-13,778
2016-09-14,779
2016-09-15,754
2016-09-16,776
2016-09-17,643
2016-09-18,535
2016-09-19,680
2016-09-20,619
2016-09-21,620
2016-09-22,659
2016-09-23,811
2016-09-24,612
2016-09-25,573
2016-09-26,620
2016-09-27,658
2016-09-28,637
2016-09-29,624
2016-09-30,872
2016-10-01,581
2016-10-02,486
2016-10-03,490
2016-10-04,523
2016-10-05,695
2016-10-06,764
2016-10-07,754
2016-10-08,633
2016-10-09,479
2016-10-10,538
2016-10-11,739
2016-10-12,498
2016-10-13,757
2016-10-14,767
2016-10-15,640
2016-10-16,499
2016-10-17,584
2016-10-18,590
2016-10-19,676
2016-10-20,662
2016-10-21,851
2016-10-22,629
2016-10-23,534
2016-10-24,572
2016-10-25,565
2016-10-26,705
2016-10-27,831
2016-10-28,798
2016-10-29,614
2016-10-30,557
2016-10-31,655
2016-11-01,731
2016-11-02,665
2016-11-03,689
2016-11-04,776
2016-11-05,626
2016-11-06,531
2016-11-07,699
2016-11-08,620
2016-11-09,541
2016-11-10,706
2016-11-11,663
2016-11-12,586
2016-11-13,518
2016-11-14,668
2016-11-15,741
2016-11-16,702
2016-11-17,707
2016-11-18,773
2016-11-19,656
2016-11-20,524
2016-11-21,684
2016-11-22,765
2016-11-23,807
2016-11-24,428
2016-11-25,455
2016-11-26,463
2016-11-27,465
2016-11-28,647
2016-11-29,752
2016-11-30,729
2016-12-01,733
2016-12-02,690
2016-12-03,591
2016-12-04,481
2016-12-05,792
2016-12-06,711
2016-12-07,637
2016-12-08,634
2016-12-09,701
2016-12-10,552
2016-12-11,521
2016-12-12,665
2016-12-13,630
2016-12-14,689
2016-12-15,748
2016-12-16,787
2016-12-17,621
2016-12-18,518
2016-12-19,721
2016-12-20,719
2016-12-21,675
2016-12-22,700
2016-12-23,691
2016-12-24,553
2016-12-25,365
2016-12-26,393
2016-12-27,567
2016-12-28,545
2016-12-29,540
2016-12-30,582
2016-12-31,463
2017-01-01,472
2017-01-02,437
2017-01-03,640
2017-01-04,572
2017-01-05,541
2017-01-06,588
2017-01-07,887
2017-01-08,392
2017-01-09,651
2017-01-10,583
2017-01-11,620
2017-01-12,633
2017-01-13,600
2017-01-14,487
2017-01-15,485
2017-01-16,471
2017-01-17,647
2017-01-18,542
2017-01-19,599
2017-01-20,599
2017-01-21,468
2017-01-22,405
2017-01-23,659
2017-01-24,559
2017-01-25,567
2017-01-26,557
2017-01-27,575
2017-01-28,491
2017-01-29,421
2017-01-30,540
2017-01-31,564
2017-02-01,567
2017-02-02,584
2017-02-03,600
2017-02-04,538
2017-02-05,423
2017-02-06,552
2017-02-07,624
2017-02-08,663
2017-02-09,499
2017-02-10,702
2017-02-11,502
2017-02-12,427
2017-02-13,632
2017-02-14,674
2017-02-15,598
2017-02-16,633
2017-02-17,674
2017-02-18,566
2017-02-19,433
2017-02-20,424
2017-02-21,473
2017-02-22,470
2017-02-23,575
2017-02-24,650
2017-02-25,564
2017-02-26,454
2017-02-27,534
2017-02-28,583
2017-03-01,564
2017-03-02,642
2017-03-03,734
2017-03-04,530
2017-03-05,474
2017-03-06,592
2017-03-07,625
2017-03-08,592
2017-03-09,651
2017-03-10,596
2017-03-11,526
2017-03-12,500
2017-03-13,761
2017-03-14,349
2017-03-15,609
2017-03-16,749
2017-03-17,585
